id;nome;telefone;email
1;Outdoors;Borders;Edmund.Reinger@gmail.com
2;Aruban Guilder PCI syndicate;driver Table;Hazel.Mosciski37@gmail.com
3;Dynamic;compressing;Abagail.Wiegand@yahoo.com
4;Automotive Supervisor;redefine actuating;Adaline.Wilkinson88@hotmail.com
5;Implementation front-end hub;panel driver;Hosea_Franecki8@yahoo.com
6;violet monitor artificial intelligence;discrete;Ari8@yahoo.com
7;Customer Rustic generating;Malaysia Factors Ranch;Arthur_Toy77@hotmail.com
8;infrastructures;viral Gloves methodologies;Shawna.Stanton18@hotmail.com
9;olive Steel Baht;customized Cambridgeshire;Rahul.Murphy@gmail.com
10;partnerships;Drive port;Carli_Effertz@hotmail.com
